Team Name,Souvenir,Price
Boston Celtics,Boston Celtics Autographed Basketball,$49.89 
Boston Celtics,Boston Celtics Team Pennant,$17.99 
Boston Celtics,Boston Celtics Team Picture,$29.99 
Boston Celtics,Boston Celtics Team Jersey,$179.99 
Brooklyn Nets,Brooklyn Nets Autographed Basketball,$49.89 
Brooklyn Nets,Brooklyn Nets Team Pennant,$17.99 
Brooklyn Nets,Brooklyn Nets Team Picture,$29.99 
Brooklyn Nets,Brooklyn Nets Team Jersey,$179.99 
New York Knicks,New York Knicks Autographed Basketball,$49.89 
New York Knicks,New York Knicks Team Pennant,$17.99 
New York Knicks,New York Knicks Team Picture,$29.99 
New York Knicks,New York Knicks Team Jersey,$179.99 
Philadelphia 76ers,Philadelphia 76ers Autographed Basketball,$49.89 
Philadelphia 76ers,Philadelphia 76ers Team Pennant,$17.99 
Philadelphia 76ers,Philadelphia 76ers Team Picture,$29.99 
Philadelphia 76ers,Philadelphia 76ers Team Jersey,$179.99 
Toronto Raptors,Toronto Raptors Autographed Basketball,$49.89 
Toronto Raptors,Toronto Raptors Team Pennant,$17.99 
Toronto Raptors,Toronto Raptors Team Picture,$29.99 
Toronto Raptors,Toronto Raptors Team Jersey,$179.99 
Chicago Bulls,Chicago Bulls Autographed Basketball,$49.89 
Chicago Bulls,Chicago Bulls Team Pennant,$17.99 
Chicago Bulls,Chicago Bulls Team Picture,$29.99 
Chicago Bulls,Chicago Bulls Team Jersey,$179.99 
Cleveland Cavaliers,Cleveland Cavaliers Autographed Basketball,$49.89 
Cleveland Cavaliers,Cleveland Cavaliers Team Pennant,$17.99 
Cleveland Cavaliers,Cleveland Cavaliers Team Picture,$29.99 
Cleveland Cavaliers,Cleveland Cavaliers Team Jersey,$179.99 
Detroit Pistons,Detroit Pistons Autographed Basketball,$49.89 
Detroit Pistons,Detroit Pistons Team Pennant,$17.99 
Detroit Pistons,Detroit Pistons Team Picture,$29.99 
Detroit Pistons,Detroit Pistons Team Jersey,$179.99 
Indiana Pacers,Indiana Pacers Autographed Basketball,$49.89 
Indiana Pacers,Indiana Pacers Team Pennant,$17.99 
Indiana Pacers,Indiana Pacers Team Picture,$29.99 
Indiana Pacers,Indiana Pacers Team Jersey,$179.99 
Milwaukee Bucks,Milwaukee Bucks Autographed Basketball,$49.89 
Milwaukee Bucks,Milwaukee Bucks Team Pennant,$17.99 
Milwaukee Bucks,Milwaukee Bucks Team Picture,$29.99 
Milwaukee Bucks,Milwaukee Bucks Team Jersey,$179.99 
Atlanta Hawks,Atlanta Hawks Autographed Basketball,$49.89 
Atlanta Hawks,Atlanta Hawks Team Pennant,$17.99 
Atlanta Hawks,Atlanta Hawks Team Picture,$29.99 
Atlanta Hawks,Atlanta Hawks Team Jersey,$179.99 
Charlotte Hornets,Charlotte Hornets Autographed Basketball,$49.89 
Charlotte Hornets,Charlotte Hornets Team Pennant,$17.99 
Charlotte Hornets,Charlotte Hornets Team Picture,$29.99 
Charlotte Hornets,Charlotte Hornets Team Jersey,$179.99 
Miami Heat,Miami Heat Autographed Basketball,$49.89 
Miami Heat,Miami Heat Team Pennant,$17.99 
Miami Heat,Miami Heat Team Picture,$29.99 
Miami Heat,Miami Heat Team Jersey,$179.99 
Orlando Magic,Orlando Magic Autographed Basketball,$49.89 
Orlando Magic,Orlando Magic Team Pennant,$17.99 
Orlando Magic,Orlando Magic Team Picture,$29.99 
Orlando Magic,Orlando Magic Team Jersey,$179.99 
Washington Wizards,Washington Wizards Autographed Basketball,$49.89 
Washington Wizards,Washington Wizards Team Pennant,$17.99 
Washington Wizards,Washington Wizards Team Picture,$29.99 
Washington Wizards,Washington Wizards Team Jersey,$179.99 
Denver Nuggets,Denver Nuggets Autographed Basketball,$49.89 
Denver Nuggets,Denver Nuggets Team Pennant,$17.99 
Denver Nuggets,Denver Nuggets Team Picture,$29.99 
Denver Nuggets,Denver Nuggets Team Jersey,$179.99 
Minnesota Timberwolves,Minnesota Timberwolves Autographed Basketball,$49.89 
Minnesota Timberwolves,Minnesota Timberwolves Team Pennant,$17.99 
Minnesota Timberwolves,Minnesota Timberwolves Team Picture,$29.99 
Minnesota Timberwolves,Minnesota Timberwolves Team Jersey,$179.99 
Oklahoma City Thunder,Oklahoma City Thunder Autographed Basketball,$49.89 
Oklahoma City Thunder,Oklahoma City Thunder Team Pennant,$17.99 
Oklahoma City Thunder,Oklahoma City Thunder Team Picture,$29.99 
Oklahoma City Thunder,Oklahoma City Thunder Team Jersey,$179.99 
Portland Trail Blazers,Portland Trail Blazers Autographed Basketball,$49.89 
Portland Trail Blazers,Portland Trail Blazers Team Pennant,$17.99 
Portland Trail Blazers,Portland Trail Blazers Team Picture,$29.99 
Portland Trail Blazers,Portland Trail Blazers Team Jersey,$179.99 
Utah Jazz,Utah Jazz Autographed Basketball,$49.89 
Utah Jazz,Utah Jazz Team Pennant,$17.99 
Utah Jazz,Utah Jazz Team Picture,$29.99 
Utah Jazz,Utah Jazz Team Jersey,$179.99 
Golden State Warriors,Golden State Warriors Autographed Basketball,$49.89 
Golden State Warriors,Golden State Warriors Team Pennant,$17.99 
Golden State Warriors,Golden State Warriors Team Picture,$29.99 
Golden State Warriors,Golden State Warriors Team Jersey,$179.99 
Los Angeles Clippers,Los Angeles Clippers Autographed Basketball,$49.89 
Los Angeles Clippers,Los Angeles Clippers Team Pennant,$17.99 
Los Angeles Clippers,Los Angeles Clippers Team Picture,$29.99 
Los Angeles Clippers,Los Angeles Clippers Team Jersey,$179.99 
Los Angeles Lakers,Los Angeles Lakers Autographed Basketball,$49.89 
Los Angeles Lakers,Los Angeles Lakers Team Pennant,$17.99 
Los Angeles Lakers,Los Angeles Lakers Team Picture,$29.99 
Los Angeles Lakers,Los Angeles Lakers Team Jersey,$179.99 
Phoenix Suns,Phoenix Suns Autographed Basketball,$49.89 
Phoenix Suns,Phoenix Suns Team Pennant,$17.99 
Phoenix Suns,Phoenix Suns Team Picture,$29.99 
Phoenix Suns,Phoenix Suns Team Jersey,$179.99 
Sacramento Kings,Sacramento Kings Autographed Basketball,$49.89 
Sacramento Kings,Sacramento Kings Team Pennant,$17.99 
Sacramento Kings,Sacramento Kings Team Picture,$29.99 
Sacramento Kings,Sacramento Kings Team Jersey,$179.99 
Dallas Mavericks,Dallas Mavericks Autographed Basketball,$49.89 
Dallas Mavericks,Dallas Mavericks Team Pennant,$17.99 
Dallas Mavericks,Dallas Mavericks Team Picture,$29.99 
Dallas Mavericks,Dallas Mavericks Team Jersey,$179.99 
Houston Rockets,Houston Rockets Autographed Basketball,$49.89 
Houston Rockets,Houston Rockets Team Pennant,$17.99 
Houston Rockets,Houston Rockets Team Picture,$29.99 
Houston Rockets,Houston Rockets Team Jersey,$179.99 
Memphis Grizzlies,Memphis Grizzlies Autographed Basketball,$49.89 
Memphis Grizzlies,Memphis Grizzlies Team Pennant,$17.99 
Memphis Grizzlies,Memphis Grizzlies Team Picture,$29.99 
Memphis Grizzlies,Memphis Grizzlies Team Jersey,$179.99 
New Orleans Pelicans,New Orleans Pelicans Autographed Basketball,$49.89 
New Orleans Pelicans,New Orleans Pelicans Team Pennant,$17.99 
New Orleans Pelicans,New Orleans Pelicans Team Picture,$29.99 
New Orleans Pelicans,New Orleans Pelicans Team Jersey,$179.99 
San Antonio Spurs,San Antonio Spurs Autographed Basketball,$49.89 
San Antonio Spurs,San Antonio Spurs Team Pennant,$17.99 
San Antonio Spurs,San Antonio Spurs Team Picture,$29.99 
San Antonio Spurs,San Antonio Spurs Team Jersey,$179.99 
